,optimization_step,loss
0,0,0.2392319142818451
1,1,0.23406799137592316
2,2,0.2296716272830963
3,3,0.2282819002866745
4,4,0.225931778550148
5,5,0.22579839825630188
6,6,0.22205741703510284
7,7,0.2218220978975296
8,8,0.22075651586055756
9,9,0.2184911072254181
10,10,0.22188349068164825
11,11,0.2187497317790985
12,12,0.21736998856067657
13,13,0.215506449341774
14,14,0.213669553399086
15,15,0.21368974447250366
16,16,0.21205362677574158
17,17,0.2101917862892151
18,18,0.20641125738620758
19,19,0.19873714447021484
20,20,0.20738212764263153
21,21,0.20742663741111755
22,22,0.20298585295677185
23,23,0.2000068575143814
24,24,0.19628098607063293
25,25,0.19668366014957428
26,26,0.19700083136558533
27,27,0.19646215438842773
28,28,0.19885917007923126
29,29,0.196180522441864
30,30,0.19440193474292755
31,31,0.19830679893493652
32,32,0.19329005479812622
33,33,0.1951429694890976
34,34,0.18999896943569183
35,35,0.1920483410358429
36,36,0.19602370262145996
37,37,0.19471213221549988
38,38,0.19797787070274353
39,39,0.1975230574607849
40,40,0.18886493146419525
41,41,0.19747619330883026
42,42,0.19311527907848358
43,43,0.1984620839357376
44,44,0.19475600123405457
45,45,0.19318969547748566
46,46,0.18618012964725494
47,47,0.19103214144706726
48,48,0.1959892213344574
49,49,0.19853676855564117
50,50,0.19578425586223602
51,51,0.19222110509872437
52,52,0.19228191673755646
53,53,0.18548811972141266
54,54,0.1941666454076767
55,55,0.1898222714662552
56,56,0.19575512409210205
57,57,0.18760624527931213
58,58,0.1895771026611328
59,59,0.19161531329154968
60,60,0.18864426016807556
61,61,0.19170717895030975
62,62,0.1906033158302307
63,63,0.19243115186691284
64,64,0.19268827140331268
65,65,0.18557429313659668
66,66,0.17982694506645203
67,67,0.18850715458393097
68,68,0.18615390360355377
69,69,0.18786053359508514
70,70,0.18476715683937073
71,71,0.1943683624267578
72,72,0.18919065594673157
73,73,0.18984708189964294
74,74,0.18901121616363525
75,75,0.1933661252260208
76,76,0.1880677342414856
77,77,0.1863531917333603
78,78,0.18652328848838806
79,79,0.1866512894630432
80,80,0.18495990335941315
81,81,0.1848333328962326
82,82,0.18516328930854797
83,83,0.1936984658241272
84,84,0.18704821169376373
85,85,0.18751558661460876
86,86,0.1839919239282608
87,87,0.17845170199871063
88,88,0.17751029133796692
89,89,0.18197351694107056
90,90,0.1797301471233368
91,91,0.17741656303405762
92,92,0.1828753501176834
93,93,0.17529401183128357
94,94,0.18444488942623138
95,95,0.1843443661928177
96,96,0.17816154658794403
97,97,0.17979635298252106
98,98,0.17090290784835815
99,99,0.18312442302703857
100,100,0.1871206909418106
101,101,0.17952851951122284
102,102,0.17842459678649902
103,103,0.17922905087471008
104,104,0.1780775934457779
105,105,0.17588844895362854
106,106,0.17158719897270203
107,107,0.17607669532299042
108,108,0.17472265660762787
109,109,0.16878023743629456
110,110,0.1752908080816269
111,111,0.16987058520317078
112,112,0.16902470588684082
113,113,0.1685943454504013
114,114,0.16764627397060394
115,115,0.16622258722782135
116,116,0.1784197986125946
117,117,0.17067836225032806
118,118,0.17263397574424744
119,119,0.17202433943748474
120,120,0.16756340861320496
121,121,0.1626594513654709
122,122,0.16993752121925354
123,123,0.16927067935466766
124,124,0.16676130890846252
125,125,0.17113938927650452
126,126,0.16625738143920898
127,127,0.16894161701202393
128,128,0.15979862213134766
129,129,0.16560426354408264
130,130,0.16057200729846954
131,131,0.1732320338487625
132,132,0.16701076924800873
133,133,0.17084024846553802
134,134,0.16285079717636108
135,135,0.16516736149787903
136,136,0.16522431373596191
137,137,0.16488097608089447
138,138,0.15973982214927673
139,139,0.16923031210899353
140,140,0.15890376269817352
141,141,0.16539083421230316
142,142,0.16003480553627014
143,143,0.16417542099952698
144,144,0.16073863208293915
145,145,0.1644870787858963
146,146,0.15796342492103577
147,147,0.16400207579135895
148,148,0.155525341629982
149,149,0.15793463587760925
150,150,0.16202889382839203
151,151,0.1653205007314682
152,152,0.1651829481124878
153,153,0.15555879473686218
154,154,0.1599065512418747
155,155,0.1600249856710434
156,156,0.16320915520191193
157,157,0.1548842340707779
158,158,0.15574349462985992
159,159,0.1544526368379593
160,160,0.16138909757137299
161,161,0.16031010448932648
162,162,0.15043501555919647
163,163,0.15418969094753265
164,164,0.1531749963760376
165,165,0.1595044583082199
166,166,0.1603594869375229
167,167,0.15364223718643188
168,168,0.14880314469337463
169,169,0.15562470257282257
170,170,0.16124211251735687
171,171,0.1477937400341034
172,172,0.15131382644176483
173,173,0.15523231029510498
174,174,0.15859608352184296
175,175,0.15769045054912567
176,176,0.1602345108985901
177,177,0.15731583535671234
178,178,0.16015245020389557
179,179,0.1542438119649887
180,180,0.15879905223846436
181,181,0.16223742067813873
182,182,0.15564444661140442
183,183,0.1617158204317093
184,184,0.15518499910831451
185,185,0.16452479362487793
186,186,0.15374109148979187
187,187,0.1481105238199234
188,188,0.1528344452381134
189,189,0.1561766415834427
190,190,0.15853236615657806
191,191,0.15558136999607086
192,192,0.16563346982002258
193,193,0.15941408276557922
194,194,0.1591559499502182
195,195,0.1592203825712204
196,196,0.1596166342496872
197,197,0.15697762370109558
198,198,0.1599304974079132
199,199,0.15823401510715485
200,200,0.14621752500534058
201,201,0.15573348104953766
202,202,0.1562366634607315
203,203,0.1535620391368866
204,204,0.15501202642917633
205,205,0.1491701304912567
206,206,0.16519272327423096
207,207,0.15400995314121246
208,208,0.15143176913261414
209,209,0.1531190723180771
210,210,0.1622084379196167
211,211,0.15580500662326813
212,212,0.1589740812778473
213,213,0.15060335397720337
214,214,0.1498323380947113
215,215,0.15262770652770996
216,216,0.15660925209522247
217,217,0.15617498755455017
218,218,0.14485885202884674
219,219,0.15610754489898682
220,220,0.14865842461585999
221,221,0.14950576424598694
222,222,0.15155968070030212
223,223,0.1484198123216629
224,224,0.15240153670310974
225,225,0.1601063311100006
226,226,0.14866319298744202
227,227,0.154415562748909
228,228,0.15501606464385986
229,229,0.15615515410900116
230,230,0.15546314418315887
231,231,0.15073584020137787
232,232,0.15126794576644897
233,233,0.15107615292072296
234,234,0.15312564373016357
235,235,0.15343810617923737
236,236,0.14916084706783295
237,237,0.14669881761074066
238,238,0.15320540964603424
239,239,0.1511673629283905
240,240,0.15272261202335358
241,241,0.1542770266532898
242,242,0.15611226856708527
243,243,0.14946430921554565
244,244,0.15226034820079803
245,245,0.14774297177791595
246,246,0.15027768909931183
247,247,0.14839237928390503
248,248,0.15488974750041962
249,249,0.1476842761039734
250,250,0.15794718265533447
251,251,0.1522490680217743
252,252,0.14782366156578064
253,253,0.15289759635925293
254,254,0.14392569661140442
255,255,0.14664041996002197
256,256,0.14863409101963043
257,257,0.1502780318260193
258,258,0.15150779485702515
259,259,0.1545204520225525
260,260,0.14900696277618408
261,261,0.14869162440299988
262,262,0.14689362049102783
263,263,0.1529235988855362
264,264,0.14583028852939606
265,265,0.1448788195848465
266,266,0.15201649069786072
267,267,0.14661091566085815
268,268,0.14562752842903137
269,269,0.15353000164031982
270,270,0.15846548974514008
271,271,0.14811943471431732
272,272,0.15060625970363617
273,273,0.1486721783876419
274,274,0.14681757986545563
275,275,0.1427914798259735
276,276,0.15160830318927765
277,277,0.14475800096988678
278,278,0.14350658655166626
279,279,0.1503971815109253
280,280,0.14666961133480072
281,281,0.1466691642999649
282,282,0.1521165370941162
283,283,0.15605464577674866
284,284,0.15175189077854156
285,285,0.14828847348690033
286,286,0.15163250267505646
287,287,0.14972642064094543
288,288,0.15424151718616486
289,289,0.15353044867515564
290,290,0.1529039889574051
291,291,0.14139795303344727
292,292,0.14611698687076569
293,293,0.15035946667194366
294,294,0.14739260077476501
295,295,0.14517205953598022
296,296,0.14715582132339478
297,297,0.1432599276304245
298,298,0.14673475921154022
299,299,0.15181338787078857
300,300,0.15066029131412506
301,301,0.15567371249198914
302,302,0.14679116010665894
303,303,0.15149325132369995
304,304,0.14176520705223083
305,305,0.14970828592777252
306,306,0.14376816153526306
307,307,0.1408490538597107
308,308,0.1480303406715393
309,309,0.14691278338432312
310,310,0.1446932852268219
311,311,0.1445014774799347
312,312,0.1473410278558731
313,313,0.14502792060375214
314,314,0.14010106027126312
315,315,0.1435575783252716
316,316,0.14768362045288086
317,317,0.14926473796367645
318,318,0.14644813537597656
319,319,0.14407745003700256
320,320,0.14963814616203308
321,321,0.1442839503288269
322,322,0.14934155344963074
323,323,0.15320421755313873
324,324,0.14692315459251404
325,325,0.14549978077411652
326,326,0.14668391644954681
327,327,0.14299865067005157
328,328,0.14614206552505493
329,329,0.15130415558815002
330,330,0.1463901549577713
331,331,0.14565370976924896
332,332,0.15083186328411102
333,333,0.14601711928844452
334,334,0.14194250106811523
335,335,0.1517978310585022
336,336,0.14744265377521515
337,337,0.1484975814819336
338,338,0.1427839994430542
339,339,0.14517731964588165
340,340,0.15118896961212158
341,341,0.14571107923984528
342,342,0.14772304892539978
343,343,0.14517129957675934
344,344,0.14251461625099182
345,345,0.14087826013565063
346,346,0.13558579981327057
347,347,0.14732834696769714
348,348,0.14221729338169098
349,349,0.13862404227256775
350,350,0.14448191225528717
351,351,0.14918051660060883
352,352,0.14527113735675812
353,353,0.1423376053571701
354,354,0.14313101768493652
355,355,0.1496819108724594
356,356,0.14304573833942413
357,357,0.1427014172077179
358,358,0.14289367198944092
359,359,0.13802269101142883
360,360,0.1461191475391388
361,361,0.1449039876461029
362,362,0.13796967267990112
363,363,0.14325369894504547
364,364,0.14497922360897064
365,365,0.14246532320976257
366,366,0.1458749622106552
367,367,0.13817574083805084
368,368,0.14187335968017578
369,369,0.1480759233236313
370,370,0.13995513319969177
371,371,0.13840004801750183
372,372,0.14237143099308014
373,373,0.1425575166940689
374,374,0.1399139016866684
375,375,0.14650723338127136
376,376,0.14907020330429077
377,377,0.14311464130878448
378,378,0.14115996658802032
379,379,0.1417822688817978
380,380,0.14433243870735168
381,381,0.14294806122779846
382,382,0.1428605169057846
383,383,0.14204320311546326
384,384,0.1469978392124176
385,385,0.14448148012161255
386,386,0.14183413982391357
387,387,0.1431373655796051
388,388,0.14479467272758484
389,389,0.1382010132074356
390,390,0.14553309977054596
391,391,0.1374974399805069
392,392,0.1412050426006317
393,393,0.14088597893714905
394,394,0.14051781594753265
395,395,0.13797302544116974
396,396,0.13488005101680756
397,397,0.13752758502960205
398,398,0.13987042009830475
399,399,0.13772112131118774
400,400,0.14452405273914337
401,401,0.14048147201538086
402,402,0.14103320240974426
403,403,0.13738411664962769
404,404,0.1459828019142151
405,405,0.1389075517654419
406,406,0.14859077334403992
407,407,0.14204645156860352
408,408,0.14232617616653442
409,409,0.14140638709068298
410,410,0.13963857293128967
411,411,0.13888601958751678
412,412,0.1439637690782547
413,413,0.13435012102127075
414,414,0.1406756043434143
415,415,0.14308950304985046
416,416,0.1405440866947174
417,417,0.1374809294939041
418,418,0.14697761833667755
419,419,0.13727468252182007
420,420,0.1416006088256836
421,421,0.14208509027957916
422,422,0.1421176791191101
423,423,0.14224177598953247
424,424,0.14311550557613373
425,425,0.1403425633907318
426,426,0.1440698653459549
427,427,0.14469173550605774
428,428,0.13489441573619843
429,429,0.13918384909629822
430,430,0.13279668986797333
431,431,0.14063748717308044
432,432,0.145097017288208
433,433,0.14226919412612915
434,434,0.14014454185962677
435,435,0.14503483474254608
436,436,0.14078055322170258
437,437,0.13876783847808838
438,438,0.13703162968158722
439,439,0.14119653403759003
440,440,0.1460229456424713
441,441,0.1383880376815796
442,442,0.14129695296287537
443,443,0.13781313598155975
444,444,0.14425991475582123
445,445,0.1421130895614624
446,446,0.13924862444400787
447,447,0.13615652918815613
448,448,0.13501296937465668
449,449,0.1336967498064041
450,450,0.1408645361661911
451,451,0.13796745240688324
452,452,0.13553272187709808
453,453,0.1336948722600937
454,454,0.1417146474123001
455,455,0.140402689576149
456,456,0.1335756927728653
457,457,0.1386469155550003
458,458,0.14473958313465118
459,459,0.1408696472644806
460,460,0.1417764574289322
461,461,0.13753639161586761
462,462,0.13909810781478882
463,463,0.13762538135051727
464,464,0.14092959463596344
465,465,0.13858743011951447
466,466,0.14126239717006683
467,467,0.1346324235200882
468,468,0.13855062425136566
469,469,0.1379527449607849
470,470,0.14100107550621033
471,471,0.1331663578748703
472,472,0.13807740807533264
473,473,0.1363890916109085
474,474,0.13737931847572327
475,475,0.14150026440620422
476,476,0.13978546857833862
477,477,0.1361193209886551
478,478,0.13862575590610504
479,479,0.13595157861709595
480,480,0.13523264229297638
481,481,0.14151041209697723
482,482,0.13699191808700562
483,483,0.13600577414035797
484,484,0.13639073073863983
485,485,0.141879603266716
486,486,0.12801146507263184
487,487,0.1380656510591507
488,488,0.13197782635688782
489,489,0.13457034528255463
490,490,0.13325512409210205
491,491,0.13477392494678497
492,492,0.14035631716251373
493,493,0.13979677855968475
494,494,0.13975435495376587
495,495,0.1362394392490387
496,496,0.1373654454946518
497,497,0.14070498943328857
498,498,0.13990110158920288
499,499,0.14318087697029114
500,500,0.13619086146354675
501,501,0.1386099010705948
502,502,0.13580790162086487
503,503,0.13810116052627563
504,504,0.1302756369113922
505,505,0.13209159672260284
506,506,0.13770698010921478
507,507,0.13904505968093872
508,508,0.13906148076057434
509,509,0.14294329285621643
510,510,0.13797184824943542
511,511,0.13936029374599457
512,512,0.13046734035015106
513,513,0.14560739696025848
514,514,0.13718265295028687
515,515,0.135609969496727
516,516,0.137096107006073
517,517,0.13545893132686615
518,518,0.1383609026670456
519,519,0.13368524610996246
520,520,0.1395423412322998
521,521,0.13741718232631683
522,522,0.1398920863866806
523,523,0.14079977571964264
524,524,0.1326553374528885
525,525,0.13631319999694824
526,526,0.13892659544944763
527,527,0.13980862498283386
528,528,0.1402677446603775
529,529,0.14246763288974762
530,530,0.13523095846176147
531,531,0.13815680146217346
532,532,0.13972188532352448
533,533,0.1353307068347931
534,534,0.13516207039356232
535,535,0.14088313281536102
536,536,0.14295975863933563
537,537,0.13927358388900757
538,538,0.13978959619998932
539,539,0.13928090035915375
540,540,0.1368982195854187
541,541,0.13514606654644012
542,542,0.1364857256412506
543,543,0.1384071260690689
544,544,0.1405765414237976
545,545,0.13602392375469208
546,546,0.13591349124908447
547,547,0.1350404918193817
548,548,0.14048416912555695
549,549,0.13788211345672607
550,550,0.13619300723075867
551,551,0.13347387313842773
552,552,0.13786588609218597
553,553,0.13769438862800598
554,554,0.14154496788978577
555,555,0.13188965618610382
556,556,0.13570661842823029
557,557,0.13675418496131897
558,558,0.1310962736606598
559,559,0.13466158509254456
560,560,0.13724084198474884
561,561,0.13006195425987244
562,562,0.13718222081661224
563,563,0.1269681602716446
564,564,0.13506433367729187
565,565,0.13847562670707703
566,566,0.14362865686416626
567,567,0.13064289093017578
568,568,0.13388901948928833
569,569,0.13685427606105804
570,570,0.130772665143013
571,571,0.1286667436361313
572,572,0.13872645795345306
573,573,0.13238340616226196
574,574,0.13810184597969055
575,575,0.12725000083446503
576,576,0.13184592127799988
577,577,0.14009159803390503
578,578,0.13760647177696228
579,579,0.13953477144241333
580,580,0.13670173287391663
581,581,0.13605722784996033
582,582,0.13189862668514252
583,583,0.12650242447853088
584,584,0.13134126365184784
585,585,0.13491156697273254
586,586,0.13463808596134186
587,587,0.13388380408287048
588,588,0.13259641826152802
589,589,0.13223016262054443
590,590,0.13304203748703003
591,591,0.13815590739250183
592,592,0.13707979023456573
593,593,0.14092236757278442
594,594,0.1422245353460312
595,595,0.1310434639453888
596,596,0.1338503658771515
597,597,0.13691312074661255
598,598,0.13554519414901733
599,599,0.13575537502765656
600,600,0.1358850747346878
601,601,0.1411251425743103
602,602,0.13443535566329956
603,603,0.13303688168525696
604,604,0.13532213866710663
605,605,0.13495823740959167
606,606,0.1361909806728363
607,607,0.13192760944366455
608,608,0.13195401430130005
609,609,0.1371711790561676
610,610,0.133599653840065
611,611,0.1300884336233139
612,612,0.13585776090621948
613,613,0.1415019929409027
614,614,0.13614915311336517
615,615,0.1347343474626541
616,616,0.13202296197414398
617,617,0.13035239279270172
618,618,0.13682593405246735
619,619,0.13396504521369934
620,620,0.1359175592660904
621,621,0.13466951251029968
622,622,0.13451950252056122
623,623,0.132676362991333
624,624,0.13669031858444214
625,625,0.13409651815891266
626,626,0.13554655015468597
627,627,0.13910406827926636
628,628,0.1318928599357605
629,629,0.1314229965209961
630,630,0.1339360475540161
631,631,0.1334272176027298
632,632,0.13284121453762054
633,633,0.13159742951393127
634,634,0.13146376609802246
635,635,0.1335320919752121
636,636,0.13542337715625763
637,637,0.13601696491241455
638,638,0.13571594655513763
639,639,0.13157162070274353
640,640,0.13571761548519135
641,641,0.1371963769197464
642,642,0.1318427473306656
643,643,0.13932156562805176
644,644,0.12744344770908356
645,645,0.13305389881134033
646,646,0.13413140177726746
647,647,0.13367022573947906
648,648,0.13173332810401917
649,649,0.1359177976846695
650,650,0.13469304144382477
651,651,0.13194186985492706
652,652,0.1367197483778
653,653,0.13451290130615234
654,654,0.13173174858093262
655,655,0.12977181375026703
656,656,0.13502199947834015
657,657,0.133866086602211
658,658,0.13324297964572906
659,659,0.13408209383487701
660,660,0.13479724526405334
661,661,0.13142088055610657
662,662,0.1296544224023819
663,663,0.13319358229637146
664,664,0.13479778170585632
665,665,0.13483084738254547
666,666,0.1354030817747116
667,667,0.12888668477535248
668,668,0.1383432149887085
669,669,0.13160309195518494
670,670,0.13570713996887207
671,671,0.13205483555793762
672,672,0.12967316806316376
673,673,0.1318848729133606
674,674,0.12917335331439972
675,675,0.13236500322818756
676,676,0.13378123939037323
677,677,0.1328776776790619
678,678,0.13357500731945038
679,679,0.12363342195749283
680,680,0.13502587378025055
681,681,0.1333993822336197
682,682,0.13922469317913055
683,683,0.129133403301239
684,684,0.13464173674583435
685,685,0.13283111155033112
686,686,0.1370898336172104
687,687,0.12832556664943695
688,688,0.13421785831451416
689,689,0.13374920189380646
690,690,0.13626551628112793
691,691,0.13023528456687927
692,692,0.12904635071754456
693,693,0.13329775631427765
694,694,0.13165822625160217
695,695,0.13000346720218658
696,696,0.129240944981575
697,697,0.1318858414888382
698,698,0.1353287547826767
699,699,0.13201184570789337
700,700,0.13612297177314758
701,701,0.13001011312007904
702,702,0.1361205279827118
703,703,0.1293647438287735
704,704,0.12841051816940308
705,705,0.1326351761817932
706,706,0.13343264162540436
707,707,0.13037177920341492
708,708,0.13434241712093353
709,709,0.1411816030740738
710,710,0.13047681748867035
711,711,0.13263234496116638
712,712,0.1293894499540329
713,713,0.12994374334812164
714,714,0.12807556986808777
715,715,0.13015836477279663
716,716,0.13087420165538788
717,717,0.1368650496006012
718,718,0.13001073896884918
719,719,0.13310128450393677
720,720,0.12859214842319489
721,721,0.13212309777736664
722,722,0.13592486083507538
723,723,0.12769412994384766
724,724,0.1288135051727295
725,725,0.13207753002643585
726,726,0.13516053557395935
727,727,0.13864003121852875
728,728,0.1299930065870285
729,729,0.13446873426437378
730,730,0.1315399408340454
731,731,0.12563380599021912
732,732,0.1355227828025818
733,733,0.12908446788787842
734,734,0.13451319932937622
735,735,0.12946009635925293
736,736,0.13264131546020508
737,737,0.13056378066539764
738,738,0.13006658852100372
739,739,0.13833411037921906
740,740,0.13845239579677582
741,741,0.13000310957431793
742,742,0.12943774461746216
743,743,0.13817529380321503
744,744,0.1355849653482437
745,745,0.12688422203063965
746,746,0.1274545043706894
747,747,0.12800592184066772
748,748,0.13121873140335083
749,749,0.13784600794315338
750,750,0.12722782790660858
751,751,0.12912198901176453
752,752,0.12496664375066757
753,753,0.1265379786491394
754,754,0.13175718486309052
755,755,0.13227207958698273
756,756,0.13176342844963074
757,757,0.13203102350234985
758,758,0.12610314786434174
759,759,0.1251411885023117
760,760,0.12376977503299713
761,761,0.1297532320022583
762,762,0.1330104023218155
763,763,0.13128285109996796
764,764,0.13035084307193756
765,765,0.14127175509929657
766,766,0.1343880444765091
767,767,0.1342628002166748
768,768,0.1298622190952301
769,769,0.1319931447505951
770,770,0.12920400500297546
771,771,0.12861742079257965
772,772,0.12822583317756653
773,773,0.12882161140441895
774,774,0.13041722774505615
775,775,0.13236285746097565
776,776,0.1305139809846878
777,777,0.12916156649589539
778,778,0.12595157325267792
779,779,0.1312885880470276
780,780,0.13166289031505585
781,781,0.13290393352508545
782,782,0.12628012895584106
783,783,0.13212144374847412
784,784,0.1280294805765152
785,785,0.1332778036594391
786,786,0.1275321990251541
787,787,0.1264248639345169
788,788,0.1279391348361969
789,789,0.12184474617242813
790,790,0.13212734460830688
791,791,0.1295243501663208
792,792,0.12970009446144104
793,793,0.13100075721740723
794,794,0.12870517373085022
795,795,0.12399639189243317
796,796,0.12748722732067108
797,797,0.12937960028648376
798,798,0.1277627795934677
799,799,0.13045945763587952
800,800,0.12954112887382507
801,801,0.12594042718410492
802,802,0.1283431351184845
803,803,0.12880821526050568
804,804,0.12461396306753159
805,805,0.13289408385753632
806,806,0.1286885291337967
807,807,0.12610864639282227
808,808,0.13155357539653778
809,809,0.13183152675628662
810,810,0.130134716629982
811,811,0.13216756284236908
812,812,0.1299508959054947
813,813,0.1262436956167221
814,814,0.1288936287164688
815,815,0.1315886378288269
816,816,0.1303623467683792
817,817,0.12779609858989716
818,818,0.13479000329971313
819,819,0.13161435723304749
820,820,0.1306920051574707
821,821,0.1262085884809494
822,822,0.1237630620598793
823,823,0.132028728723526
824,824,0.1262180060148239
825,825,0.12730646133422852
826,826,0.13201674818992615
827,827,0.12451350688934326
828,828,0.12608730792999268
829,829,0.12979942560195923
830,830,0.13292726874351501
831,831,0.130405992269516
832,832,0.12993910908699036
833,833,0.12747204303741455
834,834,0.12848879396915436
835,835,0.12313611805438995
836,836,0.1275564432144165
837,837,0.12431168556213379
838,838,0.1273179054260254
839,839,0.13028840720653534
840,840,0.1330750435590744
841,841,0.1253233253955841
842,842,0.13418276607990265
843,843,0.12294109910726547
844,844,0.13190096616744995
845,845,0.1313478946685791
846,846,0.1314886212348938
847,847,0.12462752312421799
848,848,0.13019724190235138
849,849,0.12556953728199005
850,850,0.1288495510816574
851,851,0.12399241328239441
852,852,0.12599071860313416
853,853,0.1278170645236969
854,854,0.1261201649904251
855,855,0.12544859945774078
856,856,0.13065177202224731
857,857,0.12933582067489624
858,858,0.1293906718492508
859,859,0.13601818680763245
860,860,0.12812766432762146
861,861,0.13502109050750732
862,862,0.12897640466690063
863,863,0.1335536241531372
864,864,0.13100633025169373
865,865,0.12720951437950134
866,866,0.127447709441185
867,867,0.12609319388866425
868,868,0.12753675878047943
869,869,0.13016793131828308
870,870,0.12675505876541138
871,871,0.12802301347255707
872,872,0.12905116379261017
873,873,0.1343270242214203
874,874,0.130857914686203
875,875,0.13378462195396423
876,876,0.1323307603597641
877,877,0.13390643894672394
878,878,0.12319325655698776
879,879,0.13215140998363495
880,880,0.12757253646850586
881,881,0.1270950585603714
882,882,0.12897878885269165
883,883,0.1293465942144394
884,884,0.12799887359142303
885,885,0.12733665108680725
886,886,0.12195856869220734
887,887,0.12883496284484863
888,888,0.1283663958311081
889,889,0.12744072079658508
890,890,0.12872423231601715
891,891,0.12981173396110535
892,892,0.1253960132598877
893,893,0.12478312104940414
894,894,0.13260309398174286
895,895,0.13211487233638763
896,896,0.13100852072238922
897,897,0.12478746473789215
898,898,0.127463698387146
899,899,0.12853537499904633
900,900,0.13253262639045715
901,901,0.12676775455474854
902,902,0.13260696828365326
903,903,0.13426585495471954
904,904,0.1269221156835556
905,905,0.12873534858226776
906,906,0.12765473127365112
907,907,0.12920182943344116
908,908,0.12677137553691864
909,909,0.12945689260959625
910,910,0.12218087911605835
911,911,0.12540511786937714
912,912,0.1245025098323822
913,913,0.1294144243001938
914,914,0.12824082374572754
915,915,0.12434837967157364
916,916,0.12742863595485687
917,917,0.12335489690303802
918,918,0.13453686237335205
919,919,0.12908607721328735
920,920,0.13271471858024597
921,921,0.13135211169719696
922,922,0.12114493548870087
923,923,0.14217603206634521
924,924,0.12852555513381958
925,925,0.12986138463020325
926,926,0.12304211407899857
927,927,0.1291336715221405
928,928,0.1290687769651413
929,929,0.13187888264656067
930,930,0.13134515285491943
931,931,0.12538553774356842
932,932,0.12719839811325073
933,933,0.12896639108657837
934,934,0.12086974084377289
935,935,0.12906311452388763
936,936,0.1304708868265152
937,937,0.1261405646800995
938,938,0.12582777440547943
939,939,0.12463849037885666
940,940,0.1232871264219284
941,941,0.12911225855350494
942,942,0.12700976431369781
943,943,0.13025952875614166
944,944,0.13024480640888214
945,945,0.1297873854637146
946,946,0.13492096960544586
947,947,0.12667663395404816
948,948,0.12695278227329254
949,949,0.12675482034683228
950,950,0.12153521925210953
951,951,0.12533323466777802
952,952,0.1300468146800995
953,953,0.12600480020046234
954,954,0.1278286576271057
955,955,0.12892837822437286
956,956,0.12770354747772217
957,957,0.1261902004480362
958,958,0.12804453074932098
959,959,0.13179589807987213
960,960,0.1228477954864502
961,961,0.12888959050178528
962,962,0.12604385614395142
963,963,0.122947558760643
964,964,0.12908190488815308
965,965,0.1272595077753067
966,966,0.12275586277246475
967,967,0.12280254811048508
968,968,0.12667293846607208
969,969,0.1329181045293808
970,970,0.12494687736034393
971,971,0.12803655862808228
972,972,0.1282711625099182
973,973,0.12294284999370575
974,974,0.12348335981369019
975,975,0.12782689929008484
976,976,0.12103279680013657
977,977,0.12444854527711868
978,978,0.12538109719753265
979,979,0.12869247794151306
980,980,0.12908709049224854
981,981,0.12552888691425323
982,982,0.1276349276304245
983,983,0.1258956789970398
984,984,0.12826241552829742
985,985,0.12330735474824905
986,986,0.12447503954172134
987,987,0.12654638290405273
988,988,0.1252308487892151
989,989,0.12346204370260239
990,990,0.12736253440380096
991,991,0.12426507472991943
992,992,0.12966805696487427
993,993,0.12430991977453232
994,994,0.13360196352005005
995,995,0.12533868849277496
996,996,0.13336189091205597
997,997,0.1217135488986969
998,998,0.1261119544506073
999,999,0.12836717069149017
1000,1000,0.12450551241636276
1001,1001,0.12951181828975677
1002,1002,0.12291884422302246
1003,1003,0.1269274353981018
1004,1004,0.12622898817062378
1005,1005,0.12376900017261505
1006,1006,0.12453582882881165
1007,1007,0.12318094074726105
1008,1008,0.12386559695005417
1009,1009,0.1263365000486374
1010,1010,0.12809807062149048
1011,1011,0.12781327962875366
1012,1012,0.12552441656589508
1013,1013,0.12433939427137375
1014,1014,0.12516817450523376
1015,1015,0.12223006039857864
1016,1016,0.12409158051013947
1017,1017,0.12435292452573776
1018,1018,0.12903863191604614
1019,1019,0.1276756376028061
1020,1020,0.12216606736183167
1021,1021,0.126831516623497
1022,1022,0.12418925762176514
1023,1023,0.12465967983007431
1024,1024,0.12563219666481018
1025,1025,0.12485355883836746
1026,1026,0.12620486319065094
1027,1027,0.12813928723335266
1028,1028,0.12590253353118896
1029,1029,0.12585581839084625
1030,1030,0.1255045235157013
1031,1031,0.12334651499986649
1032,1032,0.12238773703575134
1033,1033,0.12347651273012161
1034,1034,0.12757866084575653
1035,1035,0.12350647896528244
1036,1036,0.1267610490322113
1037,1037,0.12706661224365234
1038,1038,0.11782374978065491
1039,1039,0.12322241067886353
1040,1040,0.12528856098651886
1041,1041,0.12724484503269196
1042,1042,0.12870007753372192
1043,1043,0.11982429772615433
1044,1044,0.11909279227256775
1045,1045,0.12127325683832169
1046,1046,0.12193246185779572
1047,1047,0.1232810765504837
1048,1048,0.12583224475383759
1049,1049,0.12168972939252853
1050,1050,0.12114708125591278
1051,1051,0.12334311753511429
1052,1052,0.1235799789428711
1053,1053,0.12047591805458069
1054,1054,0.1277216672897339
1055,1055,0.12163597345352173
1056,1056,0.11855269223451614
1057,1057,0.12454064935445786
1058,1058,0.12486710399389267
1059,1059,0.12730467319488525
1060,1060,0.12523357570171356
1061,1061,0.1230940893292427
1062,1062,0.12188339233398438
1063,1063,0.12857137620449066
1064,1064,0.12488221377134323
1065,1065,0.1257975697517395
1066,1066,0.12495756894350052
1067,1067,0.12430968880653381
1068,1068,0.12916457653045654
1069,1069,0.12828429043293
1070,1070,0.11962127685546875
1071,1071,0.1231703907251358
1072,1072,0.1254129707813263
1073,1073,0.1253490000963211
1074,1074,0.1257135570049286
1075,1075,0.12186525762081146
1076,1076,0.12761364877223969
1077,1077,0.11972374469041824
1078,1078,0.12285333126783371
1079,1079,0.12287605553865433
1080,1080,0.12459828704595566
1081,1081,0.12195709347724915
1082,1082,0.1293664425611496
1083,1083,0.11842433363199234
1084,1084,0.12057355046272278
1085,1085,0.12843585014343262
1086,1086,0.12400153279304504
1087,1087,0.11638869345188141
1088,1088,0.12724587321281433
1089,1089,0.12577928602695465
1090,1090,0.1246728003025055
1091,1091,0.11833677440881729
1092,1092,0.12372143566608429
1093,1093,0.1231885775923729
1094,1094,0.12304670363664627
1095,1095,0.1281549036502838
1096,1096,0.12246271967887878
1097,1097,0.13002964854240417
1098,1098,0.1273072063922882
1099,1099,0.12768711149692535
1100,1100,0.12739765644073486
1101,1101,0.1264527142047882
1102,1102,0.12363540381193161
1103,1103,0.12755922973155975
1104,1104,0.12640245258808136
1105,1105,0.1239851862192154
1106,1106,0.1234017014503479
1107,1107,0.12773866951465607
1108,1108,0.12499925494194031
1109,1109,0.130814328789711
1110,1110,0.12240003794431686
1111,1111,0.12129729986190796
1112,1112,0.12733295559883118
1113,1113,0.1250976324081421
1114,1114,0.12684513628482819
1115,1115,0.1290707141160965
1116,1116,0.12544357776641846
1117,1117,0.12715205550193787
1118,1118,0.12440264225006104
1119,1119,0.12261565029621124
1120,1120,0.1247764602303505
1121,1121,0.12193896621465683
1122,1122,0.11531276255846024
1123,1123,0.12337477505207062
1124,1124,0.12327616661787033
1125,1125,0.12728524208068848
1126,1126,0.12201378494501114
1127,1127,0.12406229972839355
1128,1128,0.12080399692058563
1129,1129,0.11890575289726257
1130,1130,0.12397630512714386
1131,1131,0.12283714860677719
1132,1132,0.11963369697332382
1133,1133,0.12690278887748718
1134,1134,0.12132983654737473
1135,1135,0.12300219386816025
1136,1136,0.12453155219554901
1137,1137,0.11836624890565872
1138,1138,0.12456699460744858
1139,1139,0.12930886447429657
1140,1140,0.11962103098630905
1141,1141,0.12362533807754517
1142,1142,0.12508441507816315
1143,1143,0.12496700882911682
1144,1144,0.1320738047361374
1145,1145,0.1323387175798416
1146,1146,0.12181385606527328
1147,1147,0.12305642664432526
1148,1148,0.11931101232767105
1149,1149,0.12157707661390305
1150,1150,0.12193512171506882
1151,1151,0.12401621788740158
1152,1152,0.12540303170681
1153,1153,0.1242380365729332
1154,1154,0.12387481331825256
1155,1155,0.1227780357003212
1156,1156,0.12169421464204788
1157,1157,0.12367082387208939
1158,1158,0.12387421727180481
1159,1159,0.1207488626241684
1160,1160,0.11734741181135178
1161,1161,0.12302839010953903
1162,1162,0.12290628254413605
1163,1163,0.11878674477338791
1164,1164,0.12053462862968445
1165,1165,0.12267262488603592
1166,1166,0.12114711850881577
1167,1167,0.12484065443277359
1168,1168,0.12409652769565582
1169,1169,0.11813031136989594
1170,1170,0.127524271607399
1171,1171,0.12551313638687134
1172,1172,0.12273139506578445
1173,1173,0.12226241081953049
1174,1174,0.11955500394105911
1175,1175,0.12607461214065552
1176,1176,0.11901359260082245
1177,1177,0.12490585446357727
1178,1178,0.12265126407146454
1179,1179,0.11449087411165237
1180,1180,0.11930006742477417
1181,1181,0.1202138289809227
1182,1182,0.11608520150184631
1183,1183,0.12078896164894104
1184,1184,0.11821532994508743
1185,1185,0.1176522746682167
1186,1186,0.1239066869020462
1187,1187,0.11960092186927795
1188,1188,0.12052639573812485
1189,1189,0.1261502057313919
1190,1190,0.12331748753786087
1191,1191,0.1192079558968544
1192,1192,0.11786764860153198
1193,1193,0.11783349514007568
1194,1194,0.11555095762014389
1195,1195,0.11670130491256714
1196,1196,0.12216223031282425
1197,1197,0.12038010358810425
1198,1198,0.11776046454906464
1199,1199,0.11569036543369293
1200,1200,0.12134847790002823
1201,1201,0.11920998990535736
1202,1202,0.12064924091100693
1203,1203,0.12211483716964722
1204,1204,0.12457181513309479
1205,1205,0.121449775993824
1206,1206,0.12328079342842102
1207,1207,0.1173316016793251
1208,1208,0.11677924543619156
1209,1209,0.11614029109477997
1210,1210,0.11594920605421066
1211,1211,0.12707383930683136
1212,1212,0.12147098779678345
1213,1213,0.11801568418741226
1214,1214,0.11999879777431488
1215,1215,0.11844553798437119
1216,1216,0.12108941376209259
1217,1217,0.1229967325925827
1218,1218,0.12169992178678513
1219,1219,0.11168074607849121
1220,1220,0.12088680267333984
1221,1221,0.12460873275995255
1222,1222,0.12132610380649567
1223,1223,0.12037939578294754
1224,1224,0.11647854745388031
1225,1225,0.1186114102602005
1226,1226,0.12027475982904434
1227,1227,0.11943511664867401
1228,1228,0.12094631791114807
1229,1229,0.11497729271650314
1230,1230,0.12135303020477295
1231,1231,0.12134785950183868
1232,1232,0.11839122325181961
1233,1233,0.1267654150724411
1234,1234,0.12264424562454224
1235,1235,0.11696607619524002
1236,1236,0.11453594267368317
1237,1237,0.11826138198375702
1238,1238,0.11841859668493271
1239,1239,0.12777811288833618
1240,1240,0.11534269154071808
1241,1241,0.11253808438777924
1242,1242,0.11723113059997559
1243,1243,0.12296684831380844
1244,1244,0.12073581665754318
1245,1245,0.11873473227024078
1246,1246,0.1278301626443863
1247,1247,0.11887530237436295
1248,1248,0.12356948852539062
1249,1249,0.12231720238924026
1250,1250,0.11600702255964279
1251,1251,0.11873921006917953
1252,1252,0.11590030789375305
1253,1253,0.1208043098449707
1254,1254,0.11879722774028778
1255,1255,0.11980175971984863
1256,1256,0.12262904644012451
1257,1257,0.12203824520111084
1258,1258,0.12228605896234512
1259,1259,0.11537880450487137
1260,1260,0.12046869844198227
1261,1261,0.1159021332859993
1262,1262,0.11771318316459656
1263,1263,0.12020938843488693
1264,1264,0.11901426315307617
1265,1265,0.11768797039985657
1266,1266,0.11943645030260086
1267,1267,0.11981203407049179
1268,1268,0.12381669133901596
1269,1269,0.11378318071365356
1270,1270,0.12367142736911774
1271,1271,0.11638756096363068
1272,1272,0.11972237378358841
1273,1273,0.11754642426967621
1274,1274,0.11750969290733337
1275,1275,0.11995444446802139
1276,1276,0.11896408349275589
1277,1277,0.11362825334072113
1278,1278,0.11685425043106079
1279,1279,0.11306408792734146
1280,1280,0.12443317472934723
1281,1281,0.11614386737346649
1282,1282,0.11281100660562515
1283,1283,0.11820366233587265
1284,1284,0.11466751247644424
1285,1285,0.11767474561929703
1286,1286,0.12186314910650253
1287,1287,0.11664225161075592
1288,1288,0.11394639313220978
1289,1289,0.11568416655063629
1290,1290,0.11288563907146454
1291,1291,0.11475494503974915
1292,1292,0.1179223358631134
1293,1293,0.11319056898355484
1294,1294,0.11802597343921661
1295,1295,0.1201586201786995
1296,1296,0.11304543167352676
1297,1297,0.11613240838050842
1298,1298,0.11551657319068909
1299,1299,0.11291901767253876
1300,1300,0.11058041453361511
1301,1301,0.113386370241642
1302,1302,0.11528413742780685
1303,1303,0.12042731791734695
1304,1304,0.1143660768866539
1305,1305,0.11405687779188156
1306,1306,0.11741369962692261
1307,1307,0.11193110793828964
1308,1308,0.12038757652044296
1309,1309,0.1093970239162445
1310,1310,0.12040819972753525
1311,1311,0.11486509442329407
1312,1312,0.10945037007331848
1313,1313,0.11879339814186096
1314,1314,0.11864949762821198
1315,1315,0.11418755352497101
1316,1316,0.11829223483800888
1317,1317,0.11366511881351471
1318,1318,0.11766594648361206
1319,1319,0.11675495654344559
1320,1320,0.11651365458965302
1321,1321,0.11382067948579788
1322,1322,0.11918651312589645
1323,1323,0.11555587500333786
1324,1324,0.11590484529733658
1325,1325,0.11357709020376205
1326,1326,0.11433034390211105
1327,1327,0.11683225631713867
1328,1328,0.11746280640363693
1329,1329,0.12346412986516953
1330,1330,0.11702212691307068
1331,1331,0.11758442968130112
1332,1332,0.10984233766794205
1333,1333,0.11898942291736603
1334,1334,0.1160951629281044
1335,1335,0.11564455926418304
1336,1336,0.11609092354774475
1337,1337,0.11203300207853317
1338,1338,0.11841098964214325
1339,1339,0.11408806592226028
1340,1340,0.11096814274787903
1341,1341,0.11886084079742432
1342,1342,0.11421254277229309
1343,1343,0.10309834778308868
1344,1344,0.11477193236351013
1345,1345,0.11496797949075699
1346,1346,0.11680252104997635
1347,1347,0.11861808598041534
1348,1348,0.11276234686374664
1349,1349,0.12080861628055573
1350,1350,0.12156443297863007
1351,1351,0.11436314135789871
1352,1352,0.11575005203485489
1353,1353,0.1098884865641594
1354,1354,0.11807751655578613
1355,1355,0.11734062433242798
1356,1356,0.11864674836397171
1357,1357,0.1110110804438591
1358,1358,0.1092693880200386
1359,1359,0.1150786429643631
1360,1360,0.1092466413974762
1361,1361,0.11442632228136063
1362,1362,0.10957437008619308
1363,1363,0.11367414146661758
1364,1364,0.11567815393209457
1365,1365,0.1109074205160141
1366,1366,0.11249742656946182
1367,1367,0.11331233382225037
1368,1368,0.11242033541202545
1369,1369,0.11147976666688919
1370,1370,0.11122958362102509
1371,1371,0.11205058544874191
1372,1372,0.11278264224529266
1373,1373,0.11725181341171265
1374,1374,0.11761637032032013
1375,1375,0.1151224747300148
1376,1376,0.11560646444559097
1377,1377,0.110151007771492
1378,1378,0.11278869956731796
1379,1379,0.10948237776756287
1380,1380,0.10840485990047455
1381,1381,0.11034206300973892
1382,1382,0.11361853033304214
1383,1383,0.11032828688621521
1384,1384,0.11105146259069443
1385,1385,0.11054112762212753
1386,1386,0.11666418612003326
1387,1387,0.11660405248403549
1388,1388,0.10721999406814575
1389,1389,0.10952245444059372
1390,1390,0.11080633848905563
1391,1391,0.11469937115907669
1392,1392,0.11034998297691345
1393,1393,0.10620996356010437
1394,1394,0.11567209661006927
1395,1395,0.10610329359769821
1396,1396,0.11249606311321259
1397,1397,0.11036921292543411
1398,1398,0.11018479615449905
1399,1399,0.11107273399829865
1400,1400,0.11144306510686874
1401,1401,0.10684280097484589
1402,1402,0.11154815554618835
1403,1403,0.11311501264572144
1404,1404,0.116236113011837
1405,1405,0.11324572563171387
1406,1406,0.114114910364151
1407,1407,0.10823417454957962
1408,1408,0.11235494911670685
1409,1409,0.09991320967674255
1410,1410,0.1047944575548172
1411,1411,0.109823077917099
1412,1412,0.10797428339719772
1413,1413,0.10839635878801346
1414,1414,0.10927657783031464
1415,1415,0.1061033084988594
1416,1416,0.10564424842596054
1417,1417,0.11278341710567474
1418,1418,0.11217041313648224
1419,1419,0.11171566694974899
1420,1420,0.11194608360528946
1421,1421,0.10936667770147324
1422,1422,0.11213758587837219
1423,1423,0.10754813998937607
1424,1424,0.11253437399864197
1425,1425,0.10624054074287415
1426,1426,0.11339151114225388
1427,1427,0.10867409408092499
1428,1428,0.10975048691034317
1429,1429,0.10883072763681412
1430,1430,0.11220394819974899
1431,1431,0.11044912040233612
1432,1432,0.1056710034608841
1433,1433,0.10630233585834503
1434,1434,0.11077434569597244
1435,1435,0.10793714225292206
1436,1436,0.10578948259353638
1437,1437,0.1056215688586235
1438,1438,0.11154584586620331
1439,1439,0.10973730683326721
1440,1440,0.10995809733867645
1441,1441,0.10928459465503693
1442,1442,0.10736969113349915
1443,1443,0.10921020805835724
1444,1444,0.1114840880036354
1445,1445,0.10918165743350983
1446,1446,0.10580642521381378
1447,1447,0.10976247489452362
1448,1448,0.10959169268608093
1449,1449,0.10817301273345947
1450,1450,0.10395367443561554
1451,1451,0.11020790785551071
1452,1452,0.11142193526029587
1453,1453,0.10877728462219238
1454,1454,0.10762427002191544
1455,1455,0.10745667666196823
1456,1456,0.10850051790475845
1457,1457,0.11178430914878845
1458,1458,0.10897109657526016
1459,1459,0.10876306891441345
1460,1460,0.10472071170806885
1461,1461,0.10609979927539825
1462,1462,0.10334853082895279
1463,1463,0.10721880197525024
1464,1464,0.10573641210794449
1465,1465,0.10718841850757599
1466,1466,0.10725544393062592
1467,1467,0.1090078055858612
1468,1468,0.10563478618860245
1469,1469,0.10183348506689072
1470,1470,0.11247746646404266
1471,1471,0.1075279638171196
1472,1472,0.10981106758117676
1473,1473,0.10862910747528076
1474,1474,0.10452671349048615
1475,1475,0.11042429506778717
1476,1476,0.1053408533334732
1477,1477,0.10425994545221329
1478,1478,0.10159819573163986
1479,1479,0.1044469028711319
1480,1480,0.10896958410739899
1481,1481,0.10253733396530151
1482,1482,0.10258710384368896
1483,1483,0.10898440331220627
1484,1484,0.10243874043226242
1485,1485,0.10286305844783783
1486,1486,0.10722793638706207
1487,1487,0.10246753692626953
1488,1488,0.10423516482114792
1489,1489,0.0982665941119194
1490,1490,0.10934274643659592
1491,1491,0.10166928917169571
1492,1492,0.10599949210882187
1493,1493,0.10607747733592987
1494,1494,0.10916104912757874
1495,1495,0.10216698050498962
1496,1496,0.10851483047008514
1497,1497,0.10673584043979645
1498,1498,0.10211315006017685
1499,1499,0.10624517500400543
1500,1500,0.10270339995622635
